experiment,n,i,model,reasoning_budget,temperature,response_chars,thoughts_chars,first_correction,valid_prefix_length,is_valid_solution
hanoi-adj,14,0,claude-3-7-sonnet-20250219,0,0.1,61855,4,-1,15,0
hanoi-adj,14,0,claude-3-7-sonnet-20250219,32000,0.1,68229,32583,-1,1279,0
hanoi-adj,14,0,deepseek-chat,0,0.1,11034,4,-1,79,0
hanoi-adj,14,0,gemini-2.5-pro-preview-06-05,32000,0.1,55310,1647,-1,1535,0
hanoi-adj,14,0,gpt-4.1-2025-04-14,0,0.1,16908,4,-1,87,0
hanoi-adj,14,0,sonar-reasoning-pro,32000,0.1,3892,10137,-1,39,0
hanoi-adj,14,1,claude-3-7-sonnet-20250219,0,0.1,85502,4,-1,15,0
hanoi-adj,14,1,claude-3-7-sonnet-20250219,32000,0.1,4,96842,-1,0,0
hanoi-adj,14,1,deepseek-chat,0,0.1,11036,4,-1,79,0
hanoi-adj,14,1,gemini-2.5-pro-preview-06-05,32000,0.1,44044,1503,-1,895,0
hanoi-adj,14,1,gpt-4.1-2025-04-14,0,0.1,15876,4,-1,351,0
hanoi-adj,14,1,sonar-reasoning-pro,32000,0.1,16008,15220,-1,39,0
hanoi-adj,14,2,claude-3-7-sonnet-20250219,0,0.1,72063,4,-1,15,0
hanoi-adj,14,2,claude-3-7-sonnet-20250219,32000,0.1,4,96827,-1,0,0
hanoi-adj,14,2,deepseek-chat,0,0.1,11034,4,-1,79,0
hanoi-adj,14,2,gemini-2.5-pro-preview-06-05,32000,0.1,49163,1620,-1,1535,0
hanoi-adj,14,2,gpt-4.1-2025-04-14,0,0.1,712,4,-1,0,0
hanoi-adj,14,2,sonar-reasoning-pro,32000,0.1,2823,20101,-1,39,0
hanoi-adj,14,3,claude-3-7-sonnet-20250219,0,0.1,78218,4,-1,15,0
hanoi-adj,14,3,claude-3-7-sonnet-20250219,32000,0.1,68334,30738,-1,11,0
hanoi-adj,14,3,deepseek-chat,0,0.1,11017,4,-1,79,0
hanoi-adj,14,3,gemini-2.5-pro-preview-06-05,32000,0.1,53260,2528,-1,1535,0
hanoi-adj,14,3,gpt-4.1-2025-04-14,0,0.1,13068,4,-1,223,0
hanoi-adj,14,3,sonar-reasoning-pro,32000,0.1,4351,19412,-1,15,0
hanoi-adj,14,4,claude-3-7-sonnet-20250219,0,0.1,24952,4,-1,15,0
hanoi-adj,14,4,claude-3-7-sonnet-20250219,32000,0.1,4,91856,-1,0,0
hanoi-adj,14,4,deepseek-chat,0,0.1,11036,4,-1,79,0
hanoi-adj,14,4,gemini-2.5-pro-preview-06-05,32000,0.1,40206,1690,-1,735,0
hanoi-adj,14,4,gpt-4.1-2025-04-14,0,0.1,9985,4,-1,223,0
hanoi-adj,14,4,sonar-reasoning-pro,32000,0.1,1306,11612,-1,127,0
hanoi-adj,14,5,claude-3-7-sonnet-20250219,0,0.1,85505,4,-1,15,0
hanoi-adj,14,5,claude-3-7-sonnet-20250219,32000,0.1,71181,31905,-1,15,0
hanoi-adj,14,5,deepseek-chat,0,0.1,11036,4,-1,79,0
hanoi-adj,14,5,gemini-2.5-pro-preview-06-05,32000,0.1,38921,1151,-1,4,0
hanoi-adj,14,5,gpt-4.1-2025-04-14,0,0.1,15364,4,-1,767,0
hanoi-adj,14,5,sonar-reasoning-pro,32000,0.1,18141,10179,-1,39,0
hanoi-adj,14,6,claude-3-7-sonnet-20250219,0,0.1,85501,4,-1,15,0
hanoi-adj,14,6,claude-3-7-sonnet-20250219,32000,0.1,45078,53141,-1,39,0
hanoi-adj,14,6,deepseek-chat,0,0.1,11034,4,-1,479,0
hanoi-adj,14,6,gemini-2.5-pro-preview-06-05,32000,0.1,57362,1383,-1,895,0
hanoi-adj,14,6,gpt-4.1-2025-04-14,0,0.1,15364,4,-1,351,0
hanoi-adj,14,6,sonar-reasoning-pro,32000,0.1,16610,14896,-1,39,0
hanoi-adj,14,7,claude-3-7-sonnet-20250219,0,0.1,27050,4,-1,15,0
hanoi-adj,14,7,claude-3-7-sonnet-20250219,32000,0.1,56917,57748,-1,2559,0
hanoi-adj,14,7,deepseek-chat,0,0.1,11034,4,-1,479,0
hanoi-adj,14,7,gemini-2.5-pro-preview-06-05,32000,0.1,51213,1836,-1,1535,0
hanoi-adj,14,7,gpt-4.1-2025-04-14,0,0.1,14340,4,-1,351,0
hanoi-adj,14,7,sonar-reasoning-pro,32000,0.1,16520,14952,-1,31,0
hanoi-adj,14,8,claude-3-7-sonnet-20250219,0,0.1,45328,4,-1,15,0
hanoi-adj,14,8,claude-3-7-sonnet-20250219,32000,0.1,59084,50517,-1,13,0
hanoi-adj,14,8,deepseek-chat,0,0.1,11035,4,-1,79,0
hanoi-adj,14,8,gemini-2.5-pro-preview-06-05,32000,0.1,36874,2298,-1,895,0
hanoi-adj,14,8,gpt-4.1-2025-04-14,0,0.1,13068,4,-1,223,0
hanoi-adj,14,8,sonar-reasoning-pro,32000,0.1,17997,10442,-1,31,0
hanoi-adj,14,9,claude-3-7-sonnet-20250219,0,0.1,85503,4,-1,15,0
hanoi-adj,14,9,claude-3-7-sonnet-20250219,32000,0.1,60952,43537,-1,13,0
hanoi-adj,14,9,deepseek-chat,0,0.1,11034,4,-1,287,0
hanoi-adj,14,9,gemini-2.5-pro-preview-06-05,32000,0.1,49164,1957,-1,1535,0
hanoi-adj,14,9,gpt-4.1-2025-04-14,0,0.1,14852,4,-1,351,0
hanoi-adj,14,9,sonar-reasoning-pro,32000,0.1,20474,2869,-1,39,0
hanoi-adj,12,0,claude-3-7-sonnet-20250219,0,0.1,38305,4,-1,15,0
hanoi-adj,12,0,claude-3-7-sonnet-20250219,32000,0.1,30734,69631,-1,11,0
hanoi-adj,12,0,deepseek-chat,0,0.1,11011,4,-1,479,0
hanoi-adj,12,0,gemini-2.5-pro-preview-06-05,32000,0.1,28680,2310,-1,1791,0
hanoi-adj,12,0,gpt-4.1-2025-04-14,0,0.1,11522,4,-1,223,0
hanoi-adj,12,0,sonar-reasoning-pro,32000,0.1,11598,5177,-1,15,0
hanoi-adj,12,1,claude-3-7-sonnet-20250219,0,0.1,49685,4,-1,15,0
hanoi-adj,12,1,claude-3-7-sonnet-20250219,32000,0.1,4,100597,-1,0,0
hanoi-adj,12,1,deepseek-chat,0,0.1,9324,4,-1,223,0
hanoi-adj,12,1,gemini-2.5-pro-preview-06-05,32000,0.1,28678,994,-1,1791,0
hanoi-adj,12,1,gpt-4.1-2025-04-14,0,0.1,9986,4,-1,223,0
hanoi-adj,12,1,sonar-reasoning-pro,32000,0.1,17924,10523,-1,15,0
hanoi-adj,12,2,claude-3-7-sonnet-20250219,0,0.1,26994,4,-1,2559,0
hanoi-adj,12,2,claude-3-7-sonnet-20250219,32000,0.1,4,87926,-1,0,0
hanoi-adj,12,2,deepseek-chat,0,0.1,10994,4,-1,383,0
hanoi-adj,12,2,gemini-2.5-pro-preview-06-05,32000,0.1,20484,1691,-1,895,0
hanoi-adj,12,2,gpt-4.1-2025-04-14,0,0.1,8970,4,-1,223,0
hanoi-adj,12,2,sonar-reasoning-pro,32000,0.1,7181,9735,-1,39,0
hanoi-adj,12,3,claude-3-7-sonnet-20250219,0,0.1,35234,4,-1,2559,0
hanoi-adj,12,3,claude-3-7-sonnet-20250219,32000,0.1,28677,53199,-1,15,0
hanoi-adj,12,3,deepseek-chat,0,0.1,10993,4,-1,79,0
hanoi-adj,12,3,gemini-2.5-pro-preview-06-05,32000,0.1,20492,1160,-1,895,0
hanoi-adj,12,3,gpt-4.1-2025-04-14,0,0.1,11267,4,-1,703,0
hanoi-adj,12,3,sonar-reasoning-pro,32000,0.1,2516,8537,-1,95,0
hanoi-adj,12,4,claude-3-7-sonnet-20250219,0,0.1,36206,4,-1,15,0
hanoi-adj,12,4,claude-3-7-sonnet-20250219,32000,0.1,33540,40325,-1,23,0
hanoi-adj,12,4,deepseek-chat,0,0.1,10347,4,-1,79,0
hanoi-adj,12,4,gemini-2.5-pro-preview-06-05,32000,0.1,24582,2128,-1,895,0
hanoi-adj,12,4,gpt-4.1-2025-04-14,0,0.1,241,4,-1,0,0
hanoi-adj,12,4,sonar-reasoning-pro,32000,0.1,20008,4450,-1,11,0
hanoi-adj,12,5,claude-3-7-sonnet-20250219,0,0.1,41386,4,-1,15,0
hanoi-adj,12,5,claude-3-7-sonnet-20250219,32000,0.1,19528,75801,-1,13,0
hanoi-adj,12,5,deepseek-chat,0,0.1,8290,4,-1,383,0
hanoi-adj,12,5,gemini-2.5-pro-preview-06-05,32000,0.1,26631,2446,-1,1535,0
hanoi-adj,12,5,gpt-4.1-2025-04-14,0,0.1,11210,4,-1,55,0
hanoi-adj,12,5,sonar-reasoning-pro,32000,0.1,12037,19903,-1,39,0
hanoi-adj,12,6,claude-3-7-sonnet-20250219,0,0.1,29042,4,-1,2559,0
hanoi-adj,12,6,claude-3-7-sonnet-20250219,32000,0.1,29308,42814,-1,2559,0
hanoi-adj,12,6,deepseek-chat,0,0.1,10994,4,-1,383,0
hanoi-adj,12,6,gemini-2.5-pro-preview-06-05,32000,0.1,32775,2582,-1,1535,0
hanoi-adj,12,6,gpt-4.1-2025-04-14,0,0.1,10754,4,-1,351,0
hanoi-adj,12,6,sonar-reasoning-pro,32000,0.1,16060,15869,-1,39,0
hanoi-adj,12,7,claude-3-7-sonnet-20250219,0,0.1,26994,4,-1,2559,0
hanoi-adj,12,7,claude-3-7-sonnet-20250219,32000,0.1,21269,66172,-1,15,0
hanoi-adj,12,7,deepseek-chat,0,0.1,10994,4,-1,287,0
hanoi-adj,12,7,gemini-2.5-pro-preview-06-05,32000,0.1,19467,1385,-1,895,0
hanoi-adj,12,7,gpt-4.1-2025-04-14,0,0.1,10242,4,-1,351,0
hanoi-adj,12,7,sonar-reasoning-pro,32000,0.1,7756,24944,-1,5,0
hanoi-adj,12,8,claude-3-7-sonnet-20250219,0,0.1,37248,4,-1,2559,0
hanoi-adj,12,8,claude-3-7-sonnet-20250219,32000,0.1,4,98379,-1,0,0
hanoi-adj,12,8,deepseek-chat,0,0.1,10994,4,-1,383,0
hanoi-adj,12,8,gemini-2.5-pro-preview-06-05,32000,0.1,30727,2398,-1,1535,0
hanoi-adj,12,8,gpt-4.1-2025-04-14,0,0.1,10754,4,-1,767,0
hanoi-adj,12,8,sonar-reasoning-pro,32000,0.1,15374,16425,-1,39,0
hanoi-adj,12,9,claude-3-7-sonnet-20250219,0,0.1,45492,4,-1,15,0
hanoi-adj,12,9,claude-3-7-sonnet-20250219,32000,0.1,26320,61124,-1,15,0
hanoi-adj,12,9,deepseek-chat,0,0.1,10339,4,-1,79,0
hanoi-adj,12,9,gemini-2.5-pro-preview-06-05,32000,0.1,18181,2068,-1,223,0
hanoi-adj,12,9,gpt-4.1-2025-04-14,0,0.1,371,4,-1,0,0
hanoi-adj,12,9,sonar-reasoning-pro,32000,0.1,13838,13959,-1,127,0
hanoi-adj,11,0,claude-3-7-sonnet-20250219,0,0.1,15743,4,-1,1919,0
hanoi-adj,11,0,claude-3-7-sonnet-20250219,32000,0.1,11963,76693,-1,703,0
hanoi-adj,11,0,deepseek-chat,0,0.1,10082,4,-1,287,0
hanoi-adj,11,0,gemini-2.5-pro-preview-06-05,32000,0.1,14339,1682,-1,895,0
hanoi-adj,11,0,gpt-4.1-2025-04-14,0,0.1,11073,4,-1,55,0
hanoi-adj,11,0,sonar-reasoning-pro,32000,0.1,12804,9729,-1,22,0
hanoi-adj,11,1,claude-3-7-sonnet-20250219,0,0.1,15741,4,-1,1919,0
hanoi-adj,11,1,claude-3-7-sonnet-20250219,32000,0.1,14338,97261,-1,319,0
hanoi-adj,11,1,deepseek-chat,0,0.1,7265,4,-1,383,0
hanoi-adj,11,1,gemini-2.5-pro-preview-06-05,32000,0.1,15362,2291,-1,895,0
hanoi-adj,11,1,gpt-4.1-2025-04-14,0,0.1,9729,4,-1,703,0
hanoi-adj,11,1,sonar-reasoning-pro,32000,0.1,8239,11368,-1,15,0
hanoi-adj,11,2,claude-3-7-sonnet-20250219,0,0.1,15743,4,-1,1919,0
hanoi-adj,11,2,claude-3-7-sonnet-20250219,32000,0.1,16616,49276,-1,31,0
hanoi-adj,11,2,deepseek-chat,0,0.1,10993,4,-1,383,0
hanoi-adj,11,2,gemini-2.5-pro-preview-06-05,32000,0.1,15363,1461,-1,895,0
hanoi-adj,11,2,gpt-4.1-2025-04-14,0,0.1,421,4,-1,0,0
hanoi-adj,11,2,sonar-reasoning-pro,32000,0.1,4413,6207,-1,22,0
hanoi-adj,11,3,claude-3-7-sonnet-20250219,0,0.1,16768,4,-1,2047,1
hanoi-adj,11,3,claude-3-7-sonnet-20250219,32000,0.1,16394,60394,-1,79,0
hanoi-adj,11,3,deepseek-chat,0,0.1,7265,4,-1,160,0
hanoi-adj,11,3,gemini-2.5-pro-preview-06-05,32000,0.1,15362,1904,-1,4,0
hanoi-adj,11,3,gpt-4.1-2025-04-14,0,0.1,8705,4,-1,223,0
hanoi-adj,11,3,sonar-reasoning-pro,32000,0.1,7811,21792,-1,15,0
hanoi-adj,11,4,claude-3-7-sonnet-20250219,0,0.1,15743,4,-1,1919,0
hanoi-adj,11,4,claude-3-7-sonnet-20250219,32000,0.1,11173,86236,-1,11,0
hanoi-adj,11,4,deepseek-chat,0,0.1,8546,4,-1,383,0
hanoi-adj,11,4,gemini-2.5-pro-preview-06-05,32000,0.1,15362,2482,-1,895,0
hanoi-adj,11,4,gpt-4.1-2025-04-14,0,0.1,8705,4,-1,87,0
hanoi-adj,11,4,sonar-reasoning-pro,32000,0.1,8203,5606,-1,383,0
hanoi-adj,11,5,claude-3-7-sonnet-20250219,0,0.1,33046,4,-1,2047,1
hanoi-adj,11,5,claude-3-7-sonnet-20250219,32000,0.1,14858,43442,-1,15,0
hanoi-adj,11,5,deepseek-chat,0,0.1,11016,4,-1,383,0
hanoi-adj,11,5,gemini-2.5-pro-preview-06-05,32000,0.1,15362,1640,-1,895,0
hanoi-adj,11,5,gpt-4.1-2025-04-14,0,0.1,8193,4,-1,87,0
hanoi-adj,11,5,sonar-reasoning-pro,32000,0.1,11780,18332,-1,15,0
hanoi-adj,11,6,claude-3-7-sonnet-20250219,0,0.1,16768,4,-1,2047,1
hanoi-adj,11,6,claude-3-7-sonnet-20250219,32000,0.1,16560,44072,-1,79,0
hanoi-adj,11,6,deepseek-chat,0,0.1,9059,4,-1,223,0
hanoi-adj,11,6,gemini-2.5-pro-preview-06-05,32000,0.1,14339,1339,-1,223,0
hanoi-adj,11,6,gpt-4.1-2025-04-14,0,0.1,8961,4,-1,223,0
hanoi-adj,11,6,sonar-reasoning-pro,32000,0.1,10243,22852,-1,15,0
hanoi-adj,11,7,claude-3-7-sonnet-20250219,0,0.1,15743,4,-1,1919,0
hanoi-adj,11,7,claude-3-7-sonnet-20250219,32000,0.1,16386,33698,-1,2047,1
hanoi-adj,11,7,deepseek-chat,0,0.1,10082,4,-1,287,0
hanoi-adj,11,7,gemini-2.5-pro-preview-06-05,32000,0.1,14978,1749,-1,39,0
hanoi-adj,11,7,gpt-4.1-2025-04-14,0,0.1,7681,4,-1,87,0
hanoi-adj,11,7,sonar-reasoning-pro,32000,0.1,14961,18440,-1,79,0
hanoi-adj,11,8,claude-3-7-sonnet-20250219,0,0.1,15743,4,-1,1919,0
hanoi-adj,11,8,claude-3-7-sonnet-20250219,32000,0.1,16394,30202,-1,639,0
hanoi-adj,11,8,deepseek-chat,0,0.1,5985,4,-1,79,0
hanoi-adj,11,8,gemini-2.5-pro-preview-06-05,32000,0.1,16387,1294,-1,2047,1
hanoi-adj,11,8,gpt-4.1-2025-04-14,0,0.1,10241,4,-1,87,0
hanoi-adj,11,8,sonar-reasoning-pro,32000,0.1,16267,6512,-1,15,0
hanoi-adj,11,9,claude-3-7-sonnet-20250219,0,0.1,33046,4,-1,2047,1
hanoi-adj,11,9,claude-3-7-sonnet-20250219,32000,0.1,16386,48058,-1,13,0
hanoi-adj,11,9,deepseek-chat,0,0.1,6250,4,-1,79,0
hanoi-adj,11,9,gemini-2.5-pro-preview-06-05,32000,0.1,14338,2021,-1,223,0
hanoi-adj,11,9,gpt-4.1-2025-04-14,0,0.1,9985,4,-1,223,0
hanoi-adj,11,9,sonar-reasoning-pro,32000,0.1,10508,8403,-1,383,0
hanoi-adj,10,0,claude-3-7-sonnet-20250219,0,0.1,8569,4,-1,1023,0
hanoi-adj,10,0,claude-3-7-sonnet-20250219,32000,0.1,8192,41090,-1,15,0
hanoi-adj,10,0,deepseek-chat,0,0.1,7009,4,-1,287,0
hanoi-adj,10,0,gemini-2.5-pro-preview-06-05,32000,0.1,8192,1978,-1,1023,1
hanoi-adj,10,0,gpt-4.1-2025-04-14,0,0.1,5632,4,-1,87,0
hanoi-adj,10,0,sonar-reasoning-pro,32000,0.1,6914,6161,-1,383,0
hanoi-adj,10,1,claude-3-7-sonnet-20250219,0,0.1,10507,4,-1,1023,0
hanoi-adj,10,1,claude-3-7-sonnet-20250219,32000,0.1,10240,45207,-1,15,0
hanoi-adj,10,1,deepseek-chat,0,0.1,5985,4,-1,287,0
hanoi-adj,10,1,gemini-2.5-pro-preview-06-05,32000,0.1,7168,2862,-1,511,0
hanoi-adj,10,1,gpt-4.1-2025-04-14,0,0.1,5888,4,-1,223,0
hanoi-adj,10,1,sonar-reasoning-pro,32000,0.1,9986,14407,-1,127,0
hanoi-adj,10,2,claude-3-7-sonnet-20250219,0,0.1,10507,4,-1,1023,0
hanoi-adj,10,2,claude-3-7-sonnet-20250219,32000,0.1,8392,63342,-1,23,0
hanoi-adj,10,2,deepseek-chat,0,0.1,8289,4,-1,511,0
hanoi-adj,10,2,gemini-2.5-pro-preview-06-05,32000,0.1,8192,1264,-1,1023,1
hanoi-adj,10,2,gpt-4.1-2025-04-14,0,0.1,7104,4,-1,55,0
hanoi-adj,10,2,sonar-reasoning-pro,32000,0.1,8194,4733,-1,175,0
hanoi-adj,10,3,claude-3-7-sonnet-20250219,0,0.1,8560,4,-1,15,0
hanoi-adj,10,3,claude-3-7-sonnet-20250219,32000,0.1,8543,49450,-1,13,0
hanoi-adj,10,3,deepseek-chat,0,0.1,7009,4,-1,287,0
hanoi-adj,10,3,gemini-2.5-pro-preview-06-05,32000,0.1,8192,2372,-1,1023,1
hanoi-adj,10,3,gpt-4.1-2025-04-14,0,0.1,5376,4,-1,223,0
hanoi-adj,10,3,sonar-reasoning-pro,32000,0.1,8194,15869,-1,15,0
hanoi-adj,10,4,claude-3-7-sonnet-20250219,0,0.1,10507,4,-1,1023,0
hanoi-adj,10,4,claude-3-7-sonnet-20250219,32000,0.1,8321,43802,-1,79,0
hanoi-adj,10,4,deepseek-chat,0,0.1,8289,4,-1,287,0
hanoi-adj,10,4,gemini-2.5-pro-preview-06-05,32000,0.1,8192,1371,-1,1023,1
hanoi-adj,10,4,gpt-4.1-2025-04-14,0,0.1,6400,4,-1,223,0
hanoi-adj,10,4,sonar-reasoning-pro,32000,0.1,19074,7086,-1,31,0
hanoi-adj,10,5,claude-3-7-sonnet-20250219,0,0.1,10507,4,-1,1023,0
hanoi-adj,10,5,claude-3-7-sonnet-20250219,32000,0.1,8200,49544,-1,1023,1
hanoi-adj,10,5,deepseek-chat,0,0.1,6279,4,-1,383,0
hanoi-adj,10,5,gemini-2.5-pro-preview-06-05,32000,0.1,5504,2842,-1,4,0
hanoi-adj,10,5,gpt-4.1-2025-04-14,0,0.1,5632,4,-1,87,0
hanoi-adj,10,5,sonar-reasoning-pro,32000,0.1,6658,10077,-1,479,0
hanoi-adj,10,6,claude-3-7-sonnet-20250219,0,0.1,8569,4,-1,1023,0
hanoi-adj,10,6,claude-3-7-sonnet-20250219,32000,0.1,12545,45290,-1,1023,0
hanoi-adj,10,6,deepseek-chat,0,0.1,6753,4,-1,223,0
hanoi-adj,10,6,gemini-2.5-pro-preview-06-05,32000,0.1,8192,2270,-1,1023,1
hanoi-adj,10,6,gpt-4.1-2025-04-14,0,0.1,5632,4,-1,87,0
hanoi-adj,10,6,sonar-reasoning-pro,32000,0.1,6658,16057,-1,15,0
hanoi-adj,10,7,claude-3-7-sonnet-20250219,0,0.1,8569,4,-1,1023,0
hanoi-adj,10,7,claude-3-7-sonnet-20250219,32000,0.1,8200,54981,-1,175,0
hanoi-adj,10,7,deepseek-chat,0,0.1,7042,4,-1,287,0
hanoi-adj,10,7,gemini-2.5-pro-preview-06-05,32000,0.1,8193,2739,-1,1023,1
hanoi-adj,10,7,gpt-4.1-2025-04-14,0,0.1,6656,4,-1,351,0
hanoi-adj,10,7,sonar-reasoning-pro,32000,0.1,8706,25957,-1,39,0
hanoi-adj,10,8,claude-3-7-sonnet-20250219,0,0.1,12145,4,-1,1023,0
hanoi-adj,10,8,claude-3-7-sonnet-20250219,32000,0.1,8200,44101,-1,15,0
hanoi-adj,10,8,deepseek-chat,0,0.1,6528,4,-1,383,0
hanoi-adj,10,8,gemini-2.5-pro-preview-06-05,32000,0.1,8192,1760,-1,511,0
hanoi-adj,10,8,gpt-4.1-2025-04-14,0,0.1,5632,4,-1,351,0
hanoi-adj,10,8,sonar-reasoning-pro,32000,0.1,9794,3745,-1,15,0
hanoi-adj,10,9,claude-3-7-sonnet-20250219,0,0.1,10507,4,-1,1023,0
hanoi-adj,10,9,claude-3-7-sonnet-20250219,32000,0.1,7944,48306,-1,15,0
hanoi-adj,10,9,deepseek-chat,0,0.1,8319,4,-1,383,0
hanoi-adj,10,9,gemini-2.5-pro-preview-06-05,32000,0.1,8192,2059,-1,1023,1
hanoi-adj,10,9,gpt-4.1-2025-04-14,0,0.1,5632,4,-1,351,0
hanoi-adj,10,9,sonar-reasoning-pro,32000,0.1,7426,9455,-1,39,0
hanoi-adj,9,0,claude-3-7-sonnet-20250219,0,0.1,4479,4,-1,511,1
hanoi-adj,9,0,claude-3-7-sonnet-20250219,32000,0.1,3739,53751,-1,15,0
hanoi-adj,9,0,deepseek-chat,0,0.1,4882,4,-1,511,1
hanoi-adj,9,0,gemini-2.5-pro-preview-06-05,32000,0.1,4096,565,-1,511,1
hanoi-adj,9,0,gpt-4.1-2025-04-14,0,0.1,4095,4,-1,87,0
hanoi-adj,9,0,sonar-reasoning-pro,32000,0.1,3073,8314,-1,223,0
hanoi-adj,9,1,claude-3-7-sonnet-20250219,0,0.1,4493,4,-1,511,1
hanoi-adj,9,1,claude-3-7-sonnet-20250219,32000,0.1,4328,45910,-1,511,1
hanoi-adj,9,1,deepseek-chat,0,0.1,5737,4,-1,287,0
hanoi-adj,9,1,gemini-2.5-pro-preview-06-05,32000,0.1,4096,1439,-1,511,1
hanoi-adj,9,1,gpt-4.1-2025-04-14,0,0.1,4095,4,-1,87,0
hanoi-adj,9,1,sonar-reasoning-pro,32000,0.1,4097,4616,-1,511,1
hanoi-adj,9,2,claude-3-7-sonnet-20250219,0,0.1,4493,4,-1,511,1
hanoi-adj,9,2,claude-3-7-sonnet-20250219,32000,0.1,4208,50325,-1,15,0
hanoi-adj,9,2,deepseek-chat,0,0.1,5534,4,-1,511,1
hanoi-adj,9,2,gemini-2.5-pro-preview-06-05,32000,0.1,4096,928,-1,511,1
hanoi-adj,9,2,gpt-4.1-2025-04-14,0,0.1,4095,4,-1,87,0
hanoi-adj,9,2,sonar-reasoning-pro,32000,0.1,4097,22712,-1,79,0
hanoi-adj,9,3,claude-3-7-sonnet-20250219,0,0.1,4493,4,-1,511,1
hanoi-adj,9,3,claude-3-7-sonnet-20250219,32000,0.1,4103,55841,-1,511,1
hanoi-adj,9,3,deepseek-chat,0,0.1,4224,4,-1,511,1
hanoi-adj,9,3,gemini-2.5-pro-preview-06-05,32000,0.1,4095,1958,-1,511,1
hanoi-adj,9,3,gpt-4.1-2025-04-14,0,0.1,4095,4,-1,87,0
hanoi-adj,9,3,sonar-reasoning-pro,32000,0.1,4097,14011,-1,11,0
hanoi-adj,9,4,claude-3-7-sonnet-20250219,0,0.1,4484,4,-1,15,0
hanoi-adj,9,4,claude-3-7-sonnet-20250219,32000,0.1,4103,27920,-1,511,1
hanoi-adj,9,4,deepseek-chat,0,0.1,6015,4,-1,511,1
hanoi-adj,9,4,gemini-2.5-pro-preview-06-05,32000,0.1,4095,2042,-1,511,1
hanoi-adj,9,4,gpt-4.1-2025-04-14,0,0.1,4095,4,-1,87,0
hanoi-adj,9,4,sonar-reasoning-pro,32000,0.1,4097,3285,-1,15,0
hanoi-adj,9,5,claude-3-7-sonnet-20250219,0,0.1,4471,4,-1,511,1
hanoi-adj,9,5,claude-3-7-sonnet-20250219,32000,0.1,4363,49856,-1,175,0
hanoi-adj,9,5,deepseek-chat,0,0.1,4224,4,-1,511,1
hanoi-adj,9,5,gemini-2.5-pro-preview-06-05,32000,0.1,4095,1696,-1,511,1
hanoi-adj,9,5,gpt-4.1-2025-04-14,0,0.1,4095,4,-1,351,0
hanoi-adj,9,5,sonar-reasoning-pro,32000,0.1,4097,4711,-1,175,0
hanoi-adj,9,6,claude-3-7-sonnet-20250219,0,0.1,4471,4,-1,511,1
hanoi-adj,9,6,claude-3-7-sonnet-20250219,32000,0.1,4103,60335,-1,175,0
hanoi-adj,9,6,deepseek-chat,0,0.1,4224,4,-1,511,1
hanoi-adj,9,6,gemini-2.5-pro-preview-06-05,32000,0.1,4096,670,-1,511,1
hanoi-adj,9,6,gpt-4.1-2025-04-14,0,0.1,1807,4,-1,0,0
hanoi-adj,9,6,sonar-reasoning-pro,32000,0.1,4097,9974,-1,11,0
hanoi-adj,9,7,claude-3-7-sonnet-20250219,0,0.1,4461,4,-1,15,0
hanoi-adj,9,7,claude-3-7-sonnet-20250219,32000,0.1,4095,38333,-1,511,1
hanoi-adj,9,7,deepseek-chat,0,0.1,5211,4,-1,511,1
hanoi-adj,9,7,gemini-2.5-pro-preview-06-05,32000,0.1,4095,1967,-1,511,1
hanoi-adj,9,7,gpt-4.1-2025-04-14,0,0.1,29831,4,-1,87,0
hanoi-adj,9,7,sonar-reasoning-pro,32000,0.1,4097,6330,-1,11,0
hanoi-adj,9,8,claude-3-7-sonnet-20250219,0,0.1,4461,4,-1,15,0
hanoi-adj,9,8,claude-3-7-sonnet-20250219,32000,0.1,4226,22646,-1,15,0
hanoi-adj,9,8,deepseek-chat,0,0.1,6300,4,-1,79,0
hanoi-adj,9,8,gemini-2.5-pro-preview-06-05,32000,0.1,4095,2331,-1,511,1
hanoi-adj,9,8,gpt-4.1-2025-04-14,0,0.1,3583,4,-1,87,0
hanoi-adj,9,8,sonar-reasoning-pro,32000,0.1,1125,4,-1,0,0
hanoi-adj,9,9,claude-3-7-sonnet-20250219,0,0.1,4493,4,-1,511,1
hanoi-adj,9,9,claude-3-7-sonnet-20250219,32000,0.1,4103,34470,-1,79,0
hanoi-adj,9,9,deepseek-chat,0,0.1,4191,4,-1,511,1
hanoi-adj,9,9,gemini-2.5-pro-preview-06-05,32000,0.1,4103,2441,-1,511,1
hanoi-adj,9,9,gpt-4.1-2025-04-14,0,0.1,3583,4,-1,87,0
hanoi-adj,9,9,sonar-reasoning-pro,32000,0.1,3329,10955,-1,11,0
hanoi-adj,8,0,claude-3-7-sonnet-20250219,0,0.1,2427,4,-1,15,0
hanoi-adj,8,0,claude-3-7-sonnet-20250219,32000,0.1,2055,48411,-1,127,0
hanoi-adj,8,0,deepseek-chat,0,0.1,2144,4,-1,127,0
hanoi-adj,8,0,gemini-2.5-pro-preview-06-05,32000,0.1,2047,1234,-1,255,1
hanoi-adj,8,0,gpt-4.1-2025-04-14,0,0.1,1791,4,-1,87,0
hanoi-adj,8,0,sonar-reasoning-pro,32000,0.1,2305,8705,-1,159,0
hanoi-adj,8,1,claude-3-7-sonnet-20250219,0,0.1,2285,4,-1,15,0
hanoi-adj,8,1,claude-3-7-sonnet-20250219,32000,0.1,2047,46297,-1,15,0
hanoi-adj,8,1,deepseek-chat,0,0.1,2143,4,-1,127,0
hanoi-adj,8,1,gemini-2.5-pro-preview-06-05,32000,0.1,2055,1104,-1,255,1
hanoi-adj,8,1,gpt-4.1-2025-04-14,0,0.1,1791,4,-1,223,0
hanoi-adj,8,1,sonar-reasoning-pro,32000,0.1,2049,10458,-1,255,1
hanoi-adj,8,2,claude-3-7-sonnet-20250219,0,0.1,2285,4,-1,15,0
hanoi-adj,8,2,claude-3-7-sonnet-20250219,32000,0.1,2285,31601,-1,87,0
hanoi-adj,8,2,deepseek-chat,0,0.1,1119,4,-1,127,0
hanoi-adj,8,2,gemini-2.5-pro-preview-06-05,32000,0.1,2047,1379,-1,21,0
hanoi-adj,8,2,gpt-4.1-2025-04-14,0,0.1,2047,4,-1,87,0
hanoi-adj,8,2,sonar-reasoning-pro,32000,0.1,2305,4527,-1,159,0
hanoi-adj,8,3,claude-3-7-sonnet-20250219,0,0.1,2285,4,-1,15,0
hanoi-adj,8,3,claude-3-7-sonnet-20250219,32000,0.1,2193,21282,-1,255,0
hanoi-adj,8,3,deepseek-chat,0,0.1,2143,4,-1,127,0
hanoi-adj,8,3,gemini-2.5-pro-preview-06-05,32000,0.1,2047,2622,-1,255,1
hanoi-adj,8,3,gpt-4.1-2025-04-14,0,0.1,1791,4,-1,223,0
hanoi-adj,8,3,sonar-reasoning-pro,32000,0.1,3841,12566,-1,31,0
hanoi-adj,8,4,claude-3-7-sonnet-20250219,0,0.1,2409,4,-1,15,0
hanoi-adj,8,4,claude-3-7-sonnet-20250219,32000,0.1,2055,27989,-1,15,0
hanoi-adj,8,4,deepseek-chat,0,0.1,2144,4,-1,127,0
hanoi-adj,8,4,gemini-2.5-pro-preview-06-05,32000,0.1,2047,1094,-1,255,1
hanoi-adj,8,4,gpt-4.1-2025-04-14,0,0.1,1791,4,-1,223,0
hanoi-adj,8,4,sonar-reasoning-pro,32000,0.1,2049,14901,-1,39,0
hanoi-adj,8,5,claude-3-7-sonnet-20250219,0,0.1,2427,4,-1,15,0
hanoi-adj,8,5,claude-3-7-sonnet-20250219,32000,0.1,2680,50995,-1,255,0
hanoi-adj,8,5,deepseek-chat,0,0.1,2144,4,-1,127,0
hanoi-adj,8,5,gemini-2.5-pro-preview-06-05,32000,0.1,2047,1299,-1,255,1
hanoi-adj,8,5,gpt-4.1-2025-04-14,0,0.1,1791,4,-1,223,0
hanoi-adj,8,5,sonar-reasoning-pro,32000,0.1,2049,8355,-1,175,0
hanoi-adj,8,6,claude-3-7-sonnet-20250219,0,0.1,2291,4,-1,15,0
hanoi-adj,8,6,claude-3-7-sonnet-20250219,32000,0.1,2211,46912,-1,15,0
hanoi-adj,8,6,deepseek-chat,0,0.1,2143,4,-1,127,0
hanoi-adj,8,6,gemini-2.5-pro-preview-06-05,32000,0.1,2055,2433,-1,255,1
hanoi-adj,8,6,gpt-4.1-2025-04-14,0,0.1,1791,4,-1,191,0
hanoi-adj,8,6,sonar-reasoning-pro,32000,0.1,2049,10469,-1,39,0
hanoi-adj,8,7,claude-3-7-sonnet-20250219,0,0.1,2291,4,-1,15,0
hanoi-adj,8,7,claude-3-7-sonnet-20250219,32000,0.1,2055,27440,-1,255,1
hanoi-adj,8,7,deepseek-chat,0,0.1,2144,4,-1,127,0
hanoi-adj,8,7,gemini-2.5-pro-preview-06-05,32000,0.1,2047,1718,-1,255,1
hanoi-adj,8,7,gpt-4.1-2025-04-14,0,0.1,2047,4,-1,87,0
hanoi-adj,8,7,sonar-reasoning-pro,32000,0.1,2305,7513,-1,39,0
hanoi-adj,8,8,claude-3-7-sonnet-20250219,0,0.1,2291,4,-1,15,0
hanoi-adj,8,8,claude-3-7-sonnet-20250219,32000,0.1,2055,52234,-1,15,0
hanoi-adj,8,8,deepseek-chat,0,0.1,1119,4,-1,127,0
hanoi-adj,8,8,gemini-2.5-pro-preview-06-05,32000,0.1,2047,1955,-1,255,1
hanoi-adj,8,8,gpt-4.1-2025-04-14,0,0.1,1791,4,-1,127,0
hanoi-adj,8,8,sonar-reasoning-pro,32000,0.1,1793,7458,-1,39,0
hanoi-adj,8,9,claude-3-7-sonnet-20250219,0,0.1,2427,4,-1,15,0
hanoi-adj,8,9,claude-3-7-sonnet-20250219,32000,0.1,2908,49086,-1,23,0
hanoi-adj,8,9,deepseek-chat,0,0.1,2143,4,-1,127,0
hanoi-adj,8,9,gemini-2.5-pro-preview-06-05,32000,0.1,2047,1462,-1,255,1
hanoi-adj,8,9,gpt-4.1-2025-04-14,0,0.1,1791,4,-1,223,0
hanoi-adj,8,9,sonar-reasoning-pro,32000,0.1,2305,11818,-1,159,0
hanoi-adj,7,0,claude-3-7-sonnet-20250219,0,0.1,1277,4,-1,15,0
hanoi-adj,7,0,claude-3-7-sonnet-20250219,32000,0.1,1031,26340,-1,127,1
hanoi-adj,7,0,deepseek-chat,0,0.1,1119,4,-1,127,1
hanoi-adj,7,0,gemini-2.5-pro-preview-06-05,32000,0.1,1023,2324,-1,127,1
hanoi-adj,7,0,gpt-4.1-2025-04-14,0,0.1,1023,4,-1,127,1
hanoi-adj,7,0,sonar-reasoning-pro,32000,0.1,1025,17689,-1,22,0
hanoi-adj,7,1,claude-3-7-sonnet-20250219,0,0.1,1277,4,-1,15,0
hanoi-adj,7,1,claude-3-7-sonnet-20250219,32000,0.1,1031,12972,-1,127,1
hanoi-adj,7,1,deepseek-chat,0,0.1,1119,4,-1,127,1
hanoi-adj,7,1,gemini-2.5-pro-preview-06-05,32000,0.1,1031,2227,-1,127,1
hanoi-adj,7,1,gpt-4.1-2025-04-14,0,0.1,1023,4,-1,127,1
hanoi-adj,7,1,sonar-reasoning-pro,32000,0.1,1025,19711,-1,127,1
hanoi-adj,7,2,claude-3-7-sonnet-20250219,0,0.1,1277,4,-1,15,0
hanoi-adj,7,2,claude-3-7-sonnet-20250219,32000,0.1,1127,16411,-1,127,1
hanoi-adj,7,2,deepseek-chat,0,0.1,1119,4,-1,127,1
hanoi-adj,7,2,gemini-2.5-pro-preview-06-05,32000,0.1,1023,1019,-1,127,1
hanoi-adj,7,2,gpt-4.1-2025-04-14,0,0.1,1023,4,-1,127,1
hanoi-adj,7,2,sonar-reasoning-pro,32000,0.1,1025,16778,-1,127,1
hanoi-adj,7,3,claude-3-7-sonnet-20250219,0,0.1,1277,4,-1,15,0
hanoi-adj,7,3,claude-3-7-sonnet-20250219,32000,0.1,1031,17256,-1,127,1
hanoi-adj,7,3,deepseek-chat,0,0.1,1119,4,-1,127,1
hanoi-adj,7,3,gemini-2.5-pro-preview-06-05,32000,0.1,1031,1440,-1,127,1
hanoi-adj,7,3,gpt-4.1-2025-04-14,0,0.1,1023,4,-1,127,1
hanoi-adj,7,3,sonar-reasoning-pro,32000,0.1,1417,22663,-1,22,0
hanoi-adj,7,4,claude-3-7-sonnet-20250219,0,0.1,1413,4,-1,15,0
hanoi-adj,7,4,claude-3-7-sonnet-20250219,32000,0.1,1120,43168,-1,15,0
hanoi-adj,7,4,deepseek-chat,0,0.1,1119,4,-1,127,1
hanoi-adj,7,4,gemini-2.5-pro-preview-06-05,32000,0.1,1031,1887,-1,127,1
hanoi-adj,7,4,gpt-4.1-2025-04-14,0,0.1,1023,4,-1,127,1
hanoi-adj,7,4,sonar-reasoning-pro,32000,0.1,1025,20602,-1,11,0
hanoi-adj,7,5,claude-3-7-sonnet-20250219,0,0.1,1277,4,-1,15,0
hanoi-adj,7,5,claude-3-7-sonnet-20250219,32000,0.1,1023,36201,-1,127,1
hanoi-adj,7,5,deepseek-chat,0,0.1,1119,4,-1,127,1
hanoi-adj,7,5,gemini-2.5-pro-preview-06-05,32000,0.1,1031,1665,-1,127,1
hanoi-adj,7,5,gpt-4.1-2025-04-14,0,0.1,1023,4,-1,127,1
hanoi-adj,7,5,sonar-reasoning-pro,32000,0.1,1025,21601,-1,127,1
hanoi-adj,7,6,claude-3-7-sonnet-20250219,0,0.1,1277,4,-1,15,0
hanoi-adj,7,6,claude-3-7-sonnet-20250219,32000,0.1,1023,30817,-1,127,1
hanoi-adj,7,6,deepseek-chat,0,0.1,1119,4,-1,127,1
hanoi-adj,7,6,gemini-2.5-pro-preview-06-05,32000,0.1,1031,1522,-1,127,1
hanoi-adj,7,6,gpt-4.1-2025-04-14,0,0.1,1023,4,-1,127,1
hanoi-adj,7,6,sonar-reasoning-pro,32000,0.1,1025,4337,-1,127,1
hanoi-adj,7,7,claude-3-7-sonnet-20250219,0,0.1,1277,4,-1,15,0
hanoi-adj,7,7,claude-3-7-sonnet-20250219,32000,0.1,1031,24291,-1,127,1
hanoi-adj,7,7,deepseek-chat,0,0.1,1119,4,-1,127,1
hanoi-adj,7,7,gemini-2.5-pro-preview-06-05,32000,0.1,1023,2892,-1,127,1
hanoi-adj,7,7,gpt-4.1-2025-04-14,0,0.1,1023,4,-1,127,1
hanoi-adj,7,7,sonar-reasoning-pro,32000,0.1,1025,16144,-1,11,0
hanoi-adj,7,8,claude-3-7-sonnet-20250219,0,0.1,1277,4,-1,15,0
hanoi-adj,7,8,claude-3-7-sonnet-20250219,32000,0.1,1031,30996,-1,127,1
hanoi-adj,7,8,deepseek-chat,0,0.1,1119,4,-1,127,1
hanoi-adj,7,8,gemini-2.5-pro-preview-06-05,32000,0.1,1023,1548,-1,127,1
hanoi-adj,7,8,gpt-4.1-2025-04-14,0,0.1,1023,4,-1,87,0
hanoi-adj,7,8,sonar-reasoning-pro,32000,0.1,1025,11798,-1,15,0
hanoi-adj,7,9,claude-3-7-sonnet-20250219,0,0.1,1277,4,-1,15,0
hanoi-adj,7,9,claude-3-7-sonnet-20250219,32000,0.1,1083,28514,-1,127,1
hanoi-adj,7,9,deepseek-chat,0,0.1,1119,4,-1,127,1
hanoi-adj,7,9,gemini-2.5-pro-preview-06-05,32000,0.1,1031,2111,-1,127,1
hanoi-adj,7,9,gpt-4.1-2025-04-14,0,0.1,1023,4,-1,127,1
hanoi-adj,7,9,sonar-reasoning-pro,32000,0.1,1025,12804,-1,127,1
hanoi-adj,5,0,claude-3-7-sonnet-20250219,0,0.1,498,4,-1,15,0
hanoi-adj,5,0,claude-3-7-sonnet-20250219,32000,0.1,255,14242,-1,31,1
hanoi-adj,5,0,deepseek-chat,0,0.1,263,4,-1,31,1
hanoi-adj,5,0,gemini-2.5-pro-preview-06-05,32000,0.1,263,2316,-1,31,1
hanoi-adj,5,0,gpt-4.1-2025-04-14,0,0.1,255,4,-1,31,1
hanoi-adj,5,0,sonar-reasoning-pro,32000,0.1,257,9085,-1,31,1
hanoi-adj,5,1,claude-3-7-sonnet-20250219,0,0.1,498,4,-1,15,0
hanoi-adj,5,1,claude-3-7-sonnet-20250219,32000,0.1,263,15977,-1,31,1
hanoi-adj,5,1,deepseek-chat,0,0.1,263,4,-1,31,1
hanoi-adj,5,1,gemini-2.5-pro-preview-06-05,32000,0.1,263,1254,-1,31,1
hanoi-adj,5,1,gpt-4.1-2025-04-14,0,0.1,255,4,-1,31,1
hanoi-adj,5,1,sonar-reasoning-pro,32000,0.1,257,8631,-1,31,1
hanoi-adj,5,2,claude-3-7-sonnet-20250219,0,0.1,498,4,-1,15,0
hanoi-adj,5,2,claude-3-7-sonnet-20250219,32000,0.1,263,33883,-1,31,1
hanoi-adj,5,2,deepseek-chat,0,0.1,263,4,-1,31,1
hanoi-adj,5,2,gemini-2.5-pro-preview-06-05,32000,0.1,263,1277,-1,31,1
hanoi-adj,5,2,gpt-4.1-2025-04-14,0,0.1,255,4,-1,31,1
hanoi-adj,5,2,sonar-reasoning-pro,32000,0.1,257,4037,-1,31,1
hanoi-adj,5,3,claude-3-7-sonnet-20250219,0,0.1,498,4,-1,15,0
hanoi-adj,5,3,claude-3-7-sonnet-20250219,32000,0.1,461,30978,-1,9,0
hanoi-adj,5,3,deepseek-chat,0,0.1,263,4,-1,31,1
hanoi-adj,5,3,gemini-2.5-pro-preview-06-05,32000,0.1,255,1133,-1,31,1
hanoi-adj,5,3,gpt-4.1-2025-04-14,0,0.1,255,4,-1,31,1
hanoi-adj,5,3,sonar-reasoning-pro,32000,0.1,257,7822,-1,31,1
hanoi-adj,5,4,claude-3-7-sonnet-20250219,0,0.1,498,4,-1,15,0
hanoi-adj,5,4,claude-3-7-sonnet-20250219,32000,0.1,263,16191,-1,31,1
hanoi-adj,5,4,deepseek-chat,0,0.1,263,4,-1,31,1
hanoi-adj,5,4,gemini-2.5-pro-preview-06-05,32000,0.1,263,1581,-1,31,1
hanoi-adj,5,4,gpt-4.1-2025-04-14,0,0.1,255,4,-1,31,1
hanoi-adj,5,4,sonar-reasoning-pro,32000,0.1,257,4442,-1,31,1
hanoi-adj,5,5,claude-3-7-sonnet-20250219,0,0.1,498,4,-1,15,0
hanoi-adj,5,5,claude-3-7-sonnet-20250219,32000,0.1,263,12275,-1,31,1
hanoi-adj,5,5,deepseek-chat,0,0.1,263,4,-1,31,1
hanoi-adj,5,5,gemini-2.5-pro-preview-06-05,32000,0.1,263,1234,-1,31,1
hanoi-adj,5,5,gpt-4.1-2025-04-14,0,0.1,255,4,-1,31,1
hanoi-adj,5,5,sonar-reasoning-pro,32000,0.1,257,2488,-1,31,1
hanoi-adj,5,6,claude-3-7-sonnet-20250219,0,0.1,498,4,-1,15,0
hanoi-adj,5,6,claude-3-7-sonnet-20250219,32000,0.1,263,14535,-1,31,1
hanoi-adj,5,6,deepseek-chat,0,0.1,263,4,-1,31,1
hanoi-adj,5,6,gemini-2.5-pro-preview-06-05,32000,0.1,255,1603,-1,31,1
hanoi-adj,5,6,gpt-4.1-2025-04-14,0,0.1,255,4,-1,31,1
hanoi-adj,5,6,sonar-reasoning-pro,32000,0.1,257,5151,-1,31,1
hanoi-adj,5,7,claude-3-7-sonnet-20250219,0,0.1,498,4,-1,15,0
hanoi-adj,5,7,claude-3-7-sonnet-20250219,32000,0.1,255,11318,-1,31,1
hanoi-adj,5,7,deepseek-chat,0,0.1,263,4,-1,31,1
hanoi-adj,5,7,gemini-2.5-pro-preview-06-05,32000,0.1,263,1908,-1,31,1
hanoi-adj,5,7,gpt-4.1-2025-04-14,0,0.1,255,4,-1,31,1
hanoi-adj,5,7,sonar-reasoning-pro,32000,0.1,257,4783,-1,31,1
hanoi-adj,5,8,claude-3-7-sonnet-20250219,0,0.1,498,4,-1,15,0
hanoi-adj,5,8,claude-3-7-sonnet-20250219,32000,0.1,263,5482,-1,31,1
hanoi-adj,5,8,deepseek-chat,0,0.1,263,4,-1,31,1
hanoi-adj,5,8,gemini-2.5-pro-preview-06-05,32000,0.1,255,2453,-1,31,1
hanoi-adj,5,8,gpt-4.1-2025-04-14,0,0.1,255,4,-1,31,1
hanoi-adj,5,8,sonar-reasoning-pro,32000,0.1,257,10560,-1,31,1
hanoi-adj,5,9,claude-3-7-sonnet-20250219,0,0.1,498,4,-1,15,0
hanoi-adj,5,9,claude-3-7-sonnet-20250219,32000,0.1,255,6387,-1,31,1
hanoi-adj,5,9,deepseek-chat,0,0.1,263,4,-1,31,1
hanoi-adj,5,9,gemini-2.5-pro-preview-06-05,32000,0.1,255,916,-1,31,1
hanoi-adj,5,9,gpt-4.1-2025-04-14,0,0.1,255,4,-1,31,1
hanoi-adj,5,9,sonar-reasoning-pro,32000,0.1,257,9877,-1,31,1
hanoi-adj,3,0,claude-3-7-sonnet-20250219,0,0.1,750,4,-1,7,1
hanoi-adj,3,0,claude-3-7-sonnet-20250219,32000,0.1,63,1957,-1,7,1
hanoi-adj,3,0,deepseek-chat,0,0.1,71,4,-1,7,1
hanoi-adj,3,0,gemini-2.5-pro-preview-06-05,32000,0.1,71,1013,-1,7,1
hanoi-adj,3,0,gpt-4.1-2025-04-14,0,0.1,63,4,-1,7,1
hanoi-adj,3,0,sonar-reasoning-pro,32000,0.1,65,2009,-1,7,1
hanoi-adj,3,1,claude-3-7-sonnet-20250219,0,0.1,750,4,-1,7,1
hanoi-adj,3,1,claude-3-7-sonnet-20250219,32000,0.1,71,2595,-1,7,1
hanoi-adj,3,1,deepseek-chat,0,0.1,71,4,-1,7,1
hanoi-adj,3,1,gemini-2.5-pro-preview-06-05,32000,0.1,71,1466,-1,7,1
hanoi-adj,3,1,gpt-4.1-2025-04-14,0,0.1,63,4,-1,7,1
hanoi-adj,3,1,sonar-reasoning-pro,32000,0.1,65,3636,-1,7,1
hanoi-adj,3,2,claude-3-7-sonnet-20250219,0,0.1,748,4,-1,7,1
hanoi-adj,3,2,claude-3-7-sonnet-20250219,32000,0.1,63,6200,-1,7,1
hanoi-adj,3,2,deepseek-chat,0,0.1,71,4,-1,7,1
hanoi-adj,3,2,gemini-2.5-pro-preview-06-05,32000,0.1,71,1374,-1,7,1
hanoi-adj,3,2,gpt-4.1-2025-04-14,0,0.1,63,4,-1,7,1
hanoi-adj,3,2,sonar-reasoning-pro,32000,0.1,65,2461,-1,7,1
hanoi-adj,3,3,claude-3-7-sonnet-20250219,0,0.1,750,4,-1,7,1
hanoi-adj,3,3,claude-3-7-sonnet-20250219,32000,0.1,71,1955,-1,7,1
hanoi-adj,3,3,deepseek-chat,0,0.1,71,4,-1,7,1
hanoi-adj,3,3,gemini-2.5-pro-preview-06-05,32000,0.1,71,1348,-1,7,1
hanoi-adj,3,3,gpt-4.1-2025-04-14,0,0.1,63,4,-1,7,1
hanoi-adj,3,3,sonar-reasoning-pro,32000,0.1,65,1900,-1,7,1
hanoi-adj,3,4,claude-3-7-sonnet-20250219,0,0.1,750,4,-1,7,1
hanoi-adj,3,4,claude-3-7-sonnet-20250219,32000,0.1,71,4091,-1,7,1
hanoi-adj,3,4,deepseek-chat,0,0.1,71,4,-1,7,1
hanoi-adj,3,4,gemini-2.5-pro-preview-06-05,32000,0.1,71,2573,-1,7,1
hanoi-adj,3,4,gpt-4.1-2025-04-14,0,0.1,63,4,-1,7,1
hanoi-adj,3,4,sonar-reasoning-pro,32000,0.1,65,1664,-1,7,1
hanoi-adj,3,5,claude-3-7-sonnet-20250219,0,0.1,750,4,-1,7,1
hanoi-adj,3,5,claude-3-7-sonnet-20250219,32000,0.1,71,2394,-1,7,1
hanoi-adj,3,5,deepseek-chat,0,0.1,71,4,-1,7,1
hanoi-adj,3,5,gemini-2.5-pro-preview-06-05,32000,0.1,71,1589,-1,7,1
hanoi-adj,3,5,gpt-4.1-2025-04-14,0,0.1,63,4,-1,7,1
hanoi-adj,3,5,sonar-reasoning-pro,32000,0.1,65,1025,-1,7,1
hanoi-adj,3,6,claude-3-7-sonnet-20250219,0,0.1,748,4,-1,7,1
hanoi-adj,3,6,claude-3-7-sonnet-20250219,32000,0.1,63,2313,-1,7,1
hanoi-adj,3,6,deepseek-chat,0,0.1,71,4,-1,7,1
hanoi-adj,3,6,gemini-2.5-pro-preview-06-05,32000,0.1,71,1085,-1,7,1
hanoi-adj,3,6,gpt-4.1-2025-04-14,0,0.1,63,4,-1,7,1
hanoi-adj,3,6,sonar-reasoning-pro,32000,0.1,65,2156,-1,7,1
hanoi-adj,3,7,claude-3-7-sonnet-20250219,0,0.1,750,4,-1,7,1
hanoi-adj,3,7,claude-3-7-sonnet-20250219,32000,0.1,71,6224,-1,7,1
hanoi-adj,3,7,deepseek-chat,0,0.1,71,4,-1,7,1
hanoi-adj,3,7,gemini-2.5-pro-preview-06-05,32000,0.1,71,1767,-1,7,1
hanoi-adj,3,7,gpt-4.1-2025-04-14,0,0.1,63,4,-1,7,1
hanoi-adj,3,7,sonar-reasoning-pro,32000,0.1,65,1825,-1,7,1
hanoi-adj,3,8,claude-3-7-sonnet-20250219,0,0.1,750,4,-1,7,1
hanoi-adj,3,8,claude-3-7-sonnet-20250219,32000,0.1,63,3227,-1,7,1
hanoi-adj,3,8,deepseek-chat,0,0.1,71,4,-1,7,1
hanoi-adj,3,8,gemini-2.5-pro-preview-06-05,32000,0.1,71,1570,-1,7,1
hanoi-adj,3,8,gpt-4.1-2025-04-14,0,0.1,63,4,-1,7,1
hanoi-adj,3,8,sonar-reasoning-pro,32000,0.1,65,2002,-1,7,1
hanoi-adj,3,9,claude-3-7-sonnet-20250219,0,0.1,748,4,-1,7,1
hanoi-adj,3,9,claude-3-7-sonnet-20250219,32000,0.1,63,2706,-1,7,1
hanoi-adj,3,9,deepseek-chat,0,0.1,71,4,-1,7,1
hanoi-adj,3,9,gemini-2.5-pro-preview-06-05,32000,0.1,71,921,-1,7,1
hanoi-adj,3,9,gpt-4.1-2025-04-14,0,0.1,63,4,-1,7,1
hanoi-adj,3,9,sonar-reasoning-pro,32000,0.1,65,2324,-1,7,1
